Categories,Category Breakdown,,,
Accomodation and Tourism,"B and Bs, Hotels, Travel Agents",,,
Attractions and Leisure,"Amenities, Public Attractions",,,
Construction and Trades,"General contractors, Construction, Architects",,,
Hair and Beauty,"Hairdressers, Barbers, Tanning, Nails, Tattoos",,,
Healthcare and Wellness,"Pharmacists, Dentists, Acupuncturists",,,
Household Goods and Services,"Carpets, Fixtures and Fittings, Repairs",,,
Food and Drink,"Full service, Fast Food, Cafes, Pubs",,,
Pet Services,"Vets, Dog grooming",,,
Professional Services and Banking,"Solicitors, Banks, Accountants",,,
Shopping and Retail,"Clothing, Gifts, Vintage",,,
Sports and Recreation,"Sports facilities, Golf Courses, Gyms",,,
Transport and Motorcare,"Garages, Repairs, Valeting, Dealership, Filling stations, Taxis",,,